{"cameraMode":{"drawMode":0,"name":"Shaded","section":"Shading Mode"},"sceneLighting":true,"audioPlay":false,"sceneViewState":{"showFog":true,"showMaterialUpdate":false,"showSkybox":true,"showFlares":true,"showImageEffects":true,"showParticleSystems":true},"in2DMode":false,"pivot":{"x":-13.543095588684082,"y":-10.917478561401368,"z":22.351224899291993},"rotation":{"x":-0.19927653670310975,"y":0.2499702423810959,"z":-0.05265186354517937,"w":-0.9460610747337341},"size":46.69820785522461,"orthographic":false}